"transition","a_ij","CI_lower","CI_upper"
"1->2",0.542255,0.503589,0.583889
"1->6",0.001429,0.000375,0.005448
"2->3",0.166522,0.156673,0.17699
"2->6",0.014918,0.012147,0.018321
"3->4",0.192677,0.180955,0.205157
"3->6",0.020711,0.017042,0.025172
"4->5",0.288523,0.270668,0.307555
"4->6",0.016558,0.012557,0.021833
"5->6",0.074612,0.068017,0.081847
